{
  "results": [
    {
      "command": "tryke (50)",
      "mean": 0.17484465433647062,
      "stddev": 0.006504702483178046,
      "median": 0.17327696516000002,
      "user": 0.12110076470588232,
      "system": 0.07234360705882353,
      "min": 0.17037852216000002,
      "max": 0.19863601016000001,
      "times": [
        0.17220090716000003,
        0.17333156716,
        0.17425887816000002,
        0.17383317316000002,
        0.17327696516000002,
        0.17118053916,
        0.19863601016000001,
        0.17254290016,
        0.18042540316000003,
        0.17386285116000003,
        0.17248946016000002,
        0.17037852216000002,
        0.17319440316,
        0.17418592916,
        0.17225469416000003,
        0.17143067916000002,
        0.17487624116000003
      ],
      "exit_codes": [
        0,
        0,
        0,
        0,
        0,
        0,
        0,
        0,
        0,
        0,
        0,
        0,
        0,
        0,
        0,
        0,
        0
      ]
    },
    {
      "command": "pytest (50)",
      "mean": 0.1996911955766667,
      "stddev": 0.00993880219750912,
      "median": 0.19664776566000003,
      "user": 0.15426558333333332,
      "system": 0.04604479333333333,
      "min": 0.19489007816,
      "max": 0.23019532716000002,
      "times": [
        0.23019532716000002,
        0.20428049216000002,
        0.19490900716,
        0.19664843816000002,
        0.19670401016000003,
        0.19499090716,
        0.19489007816,
        0.19664709316,
        0.19548680216000003,
        0.19580050616000003,
        0.19763498116000003,
        0.19810670416
      ],
      "exit_codes": [
        0,
        0,
        0,
        0,
        0,
        0,
        0,
        0,
        0,
        0,
        0,
        0
      ]
    }
  ]
}
