{
  "results": [
    {
      "command": "tryke (5000)",
      "mean": 0.17661774526750001,
      "stddev": 0.001991444701181688,
      "median": 0.17589544708,
      "user": 0.1225268125,
      "system": 0.07279158,
      "min": 0.17485706458,
      "max": 0.18205672358,
      "times": [
        0.17639624358,
        0.17514618258,
        0.17589871858,
        0.17571440158,
        0.18205672358,
        0.17485706458,
        0.17732039558,
        0.17519504558000001,
        0.17605046958,
        0.17599807958,
        0.18047249458,
        0.17568669058,
        0.17546654958,
        0.17589217558,
        0.17794636058,
        0.17578632858
      ],
      "exit_codes": [
        0,
        0,
        0,
        0,
        0,
        0,
        0,
        0,
        0,
        0,
        0,
        0,
        0,
        0,
        0,
        0
      ]
    },
    {
      "command": "pytest (5000)",
      "mean": 0.6284997375800001,
      "stddev": 0.004771599160831204,
      "median": 0.63024632258,
      "user": 0.5646078,
      "system": 0.06448998,
      "min": 0.62179680958,
      "max": 0.6331718965800001,
      "times": [
        0.6331718965800001,
        0.62538427058,
        0.62179680958,
        0.63024632258,
        0.63189938858
      ],
      "exit_codes": [
        0,
        0,
        0,
        0,
        0
      ]
    }
  ]
}
