{
  "results": [
    {
      "command": "tryke (500)",
      "mean": 0.17858569900500001,
      "stddev": 0.007082438638887461,
      "median": 0.17860726488,
      "user": 0.12594835,
      "system": 0.0712575475,
      "min": 0.17177227688000002,
      "max": 0.20117374688,
      "times": [
        0.17919409488000002,
        0.17576750288,
        0.17917037588,
        0.18013767088000002,
        0.18247621088000002,
        0.18067392688,
        0.18342370788,
        0.17903440388,
        0.17818012588,
        0.20117374688,
        0.17372631488,
        0.17320546588000002,
        0.17294524188000002,
        0.17314630988000002,
        0.17177227688000002,
        0.17334380788
      ],
      "exit_codes": [
        0,
        0,
        0,
        0,
        0,
        0,
        0,
        0,
        0,
        0,
        0,
        0,
        0,
        0,
        0,
        0
      ]
    },
    {
      "command": "pytest (500)",
      "mean": 0.23429817521333338,
      "stddev": 0.0021855918681043065,
      "median": 0.23437337338000003,
      "user": 0.18472385000000002,
      "system": 0.050232276666666666,
      "min": 0.23039122988000002,
      "max": 0.23700306888,
      "times": [
        0.23238506788000002,
        0.23670861088,
        0.23348456788000002,
        0.23446994188,
        0.23621253488000002,
        0.23427680488000002,
        0.23366776288000002,
        0.23039122988000002,
        0.23111138988000002,
        0.23627662988,
        0.23559049288,
        0.23700306888
      ],
      "exit_codes": [
        0,
        0,
        0,
        0,
        0,
        0,
        0,
        0,
        0,
        0,
        0,
        0
      ]
    }
  ]
}
