{
  "results": [
    {
      "command": "tryke (5000)",
      "mean": 0.43715465801333336,
      "stddev": 0.0018774585763162643,
      "median": 0.43681545668000005,
      "user": 0.27159666666666665,
      "system": 0.21136909333333329,
      "min": 0.43540764768000007,
      "max": 0.44080951468000007,
      "times": [
        0.44080951468000007,
        0.43686095768000005,
        0.43540764768000007,
        0.43676995568000004,
        0.43687475668000003,
        0.43620511568000003
      ],
      "exit_codes": [
        0,
        0,
        0,
        0,
        0,
        0
      ]
    },
    {
      "command": "pytest-xdist -nauto (5000)",
      "mean": 3.3906919100799997,
      "stddev": 0.02326883298055152,
      "median": 3.38850349768,
      "user": 23.534282399999995,
      "system": 1.60993816,
      "min": 3.36759137068,
      "max": 3.42158132868,
      "times": [
        3.36759137068,
        3.36976032968,
        3.42158132868,
        3.40602302368,
        3.38850349768
      ],
      "exit_codes": [
        0,
        0,
        0,
        0,
        0
      ]
    }
  ]
}
