{
  "results": [
    {
      "command": "tryke (500)",
      "mean": 0.31141678024,
      "stddev": 0.005947443420208505,
      "median": 0.31120953224000003,
      "user": 0.13586525333333332,
      "system": 0.09225129333333332,
      "min": 0.30326187724000003,
      "max": 0.32336595824000003,
      "times": [
        0.30652101124000003,
        0.31065900024000004,
        0.32336595824000003,
        0.30326187724000003,
        0.30658513024000006,
        0.31120953224000003,
        0.31141445324000006,
        0.31585504324,
        0.31387901624000003
      ],
      "exit_codes": [
        0,
        0,
        0,
        0,
        0,
        0,
        0,
        0,
        0
      ]
    },
    {
      "command": "pytest-xdist -nauto (500)",
      "mean": 1.20276690164,
      "stddev": 0.006946215902438111,
      "median": 1.2001592402399999,
      "user": 6.26507172,
      "system": 0.6872863599999999,
      "min": 1.19716613124,
      "max": 1.21343499824,
      "times": [
        1.21343499824,
        1.1971782922399998,
        1.2001592402399999,
        1.19716613124,
        1.20589584624
      ],
      "exit_codes": [
        0,
        0,
        0,
        0,
        0
      ]
    }
  ]
}
