{
  "results": [
    {
      "command": "tryke (50)",
      "mean": 0.29006623332000003,
      "stddev": 0.015054393774013712,
      "median": 0.2882217986200001,
      "user": 0.12745479999999998,
      "system": 0.07733405999999998,
      "min": 0.27166235612000006,
      "max": 0.31898354312000005,
      "times": [
        0.28832831412000004,
        0.27745240212000005,
        0.28290828512000005,
        0.31898354312000005,
        0.28044691212000006,
        0.27166235612000006,
        0.31358797012000006,
        0.29041575812000003,
        0.28811528312000007,
        0.28876150912000004
      ],
      "exit_codes": [
        0,
        0,
        0,
        0,
        0,
        0,
        0,
        0,
        0,
        0
      ]
    },
    {
      "command": "pytest-xdist -nauto (50)",
      "mean": 1.01767188032,
      "stddev": 0.04396045312472624,
      "median": 1.00686966012,
      "user": 4.9147652,
      "system": 0.6026026600000002,
      "min": 0.9659301181200001,
      "max": 1.07436195812,
      "times": [
        1.00686966012,
        0.9659301181200001,
        0.99139875712,
        1.07436195812,
        1.0497989081199999
      ],
      "exit_codes": [
        0,
        0,
        0,
        0,
        0
      ]
    }
  ]
}
