{
  "results": [
    {
      "command": "tryke -j1 (5000)",
      "mean": 0.9469113601,
      "stddev": 0.0033421400696692343,
      "median": 0.9452702979000001,
      "user": 0.19443981999999999,
      "system": 0.19940551999999998,
      "min": 0.9435595209000001,
      "max": 0.9518122989000001,
      "times": [
        0.9435595209000001,
        0.9518122989000001,
        0.9451231849000001,
        0.9452702979000001,
        0.9487914979000001
      ],
      "exit_codes": [
        0,
        0,
        0,
        0,
        0
      ]
    },
    {
      "command": "pytest (5000)",
      "mean": 2.8302620801,
      "stddev": 0.014304951720575214,
      "median": 2.8335179129,
      "user": 2.4373392199999997,
      "system": 0.39193412,
      "min": 2.8150017469,
      "max": 2.8497145749,
      "times": [
        2.8150017469,
        2.8335179129,
        2.8173480749,
        2.8357280909,
        2.8497145749
      ],
      "exit_codes": [
        0,
        0,
        0,
        0,
        0
      ]
    }
  ]
}
