{
  "results": [
    {
      "command": "tryke -j1 (500)",
      "mean": 0.29290886221999995,
      "stddev": 0.0016095211230917105,
      "median": 0.29290345892,
      "user": 0.13129465999999998,
      "system": 0.08059696,
      "min": 0.28957968642,
      "max": 0.29515980742,
      "times": [
        0.29162770442,
        0.29308405642,
        0.29515980742,
        0.29374594542,
        0.29241018542,
        0.29272286142,
        0.29220799142,
        0.28957968642,
        0.29389844042,
        0.29465194342
      ],
      "exit_codes": [
        0,
        0,
        0,
        0,
        0,
        0,
        0,
        0,
        0,
        0
      ]
    },
    {
      "command": "pytest (500)",
      "mean": 0.45701564341999995,
      "stddev": 0.0030016740417458327,
      "median": 0.45685840542,
      "user": 0.37674495999999996,
      "system": 0.08092822666666667,
      "min": 0.45312114042,
      "max": 0.46205004742,
      "times": [
        0.46205004742,
        0.45799946042,
        0.45720994342,
        0.45520640142,
        0.45312114042,
        0.45650686742
      ],
      "exit_codes": [
        0,
        0,
        0,
        0,
        0,
        0
      ]
    }
  ]
}
