{
  "results": [
    {
      "command": "tryke -j1 (50)",
      "mean": 0.2313752954018182,
      "stddev": 0.008596110926022289,
      "median": 0.22827484522000002,
      "user": 0.12653994545454547,
      "system": 0.07125997999999999,
      "min": 0.22632020722,
      "max": 0.25626307622000005,
      "times": [
        0.25626307622000005,
        0.22928358722,
        0.22632020722,
        0.22800684222,
        0.22763211522000001,
        0.23061362122,
        0.22827484522000002,
        0.23478005422,
        0.23023553922,
        0.22643045422000002,
        0.22728790722
      ],
      "exit_codes": [
        0,
        0,
        0,
        0,
        0,
        0,
        0,
        0,
        0,
        0,
        0
      ]
    },
    {
      "command": "pytest (50)",
      "mean": 0.23965928855333338,
      "stddev": 0.0037617273802195593,
      "median": 0.23862464822,
      "user": 0.18275998333333332,
      "system": 0.057460979999999995,
      "min": 0.23461131622,
      "max": 0.24875656422,
      "times": [
        0.24875656422,
        0.23687262722000002,
        0.23753049122,
        0.23461131622,
        0.24087888222,
        0.24024349122000002,
        0.23880998522000002,
        0.24309076422,
        0.23665602422,
        0.24225113922000002,
        0.23777086622000002,
        0.23843931122
      ],
      "exit_codes": [
        0,
        0,
        0,
        0,
        0,
        0,
        0,
        0,
        0,
        0,
        0,
        0
      ]
    }
  ]
}
